INSERT INTO ETUDIANT 
VALUES 
(10000, 'SMITH', 'Chandler'), 
(10001, 'SMITH', 'Joey'), 
(10002, 'SMITH', 'Rachel'), 
(10003, 'SMITH', 'Monica'), 
(10004, 'SMITH', 'Ross'), 
(10005, 'SNOW', 'Chandler'), 
(10006, 'SNOW', 'Joey'), 
(10007, 'SNOW', 'Rachel'), 
(10008, 'SNOW', 'Monica'), 
(10009, 'SNOW', 'Ross'), 
(10010, 'TRIBIANI', 'Chandler'), 
(10011, 'TRIBIANI', 'Joey'), 
(10012, 'TRIBIANI', 'Rachel'), 
(10013, 'TRIBIANI', 'Monica'), 
(10014, 'TRIBIANI', 'Ross'), 
(10015, 'GELLER', 'Chandler'), 
(10016, 'GELLER', 'Joey'), 
(10017, 'GELLER', 'Rachel'), 
(10018, 'GELLER', 'Monica'), 
(10019, 'GELLER', 'Ross'), 
(10020, 'GREEN', 'Chandler'), 
(10021, 'GREEN', 'Joey'), 
(10022, 'GREEN', 'Rachel'), 
(10023, 'GREEN', 'Monica'), 
(10024, 'GREEN', 'Ross');

INSERT INTO CONDUCTEUR 
VALUES 
(10010), 
(10020), 
(10012), 
(10003), 
(10008);

INSERT INTO PASSAGER 
VALUES 
(10000), 
(10001), 
(10002), 
(10004), 
(10005), 
(10006), 
(10007), 
(10009), 
(10011), 
(10013), 
(10014), 
(10015), 
(10016), 
(10017), 
(10018), 
(10019), 
(10021), 
(10022), 
(10023), 
(10024);

INSERT INTO VOITURE 
VALUES 
('200200', 10010, 'RENAULT', 'BLUE', 'BON', '4'), 
('200201', 10020, 'CITROEN', 'BLUE', 'MOYEN', '5'), 
('200202', 10012, 'FORD', 'BLACK', 'MAUVAIS', '3'), 
('200203', 10003, 'PEUGEOT', 'BLACK', 'BON', '5');

INSERT INTO TRAJET 
VALUES 
(1, '200203', '2023-12-04 18:18:40', '2023-12-31 12:07:53', 'Adresse_Arrivee_1', 14311, 4, 53, 259, 89), 
(2, '200200', '2023-12-01 15:35:47', '2023-12-07 10:21:43', 'Adresse_Arrivee_2', 54756, 2, 65, 457, 351), 
(3, '200201', '2023-01-12 12:12:58', '2023-08-05 05:50:30', 'Adresse_Arrivee_3', 94593, 1, 52, 145, 109), 
(4, '200201', '2023-02-23 13:51:09', '2023-04-08 00:31:46', 'Adresse_Arrivee_4', 75309, 0, 34, 186, 259), 
(5, '200200', '2023-05-03 02:20:29', '2023-05-21 19:04:40', 'Adresse_Arrivee_5', 22810, 0, 17, 316, 224);

INSERT INTO ESCALE 
VALUES 
(1, 2, 'Adresse_Escale_1', 97001, '2023-05-26 16:40:06', True), 
(2, 5, 'Adresse_Escale_2', 24884, '2023-10-17 07:10:31', False), 
(3, 4, 'Adresse_Escale_3', 70927, '2023-01-01 10:46:50', True), 
(4, 2, 'Adresse_Escale_4', 51199, '2023-12-12 18:37:30', False), 
(5, 1, 'Adresse_Escale_5', 55260, '2023-07-18 06:23:00', True);

INSERT INTO PROPOSITION 
VALUES 
(1, 10024), 
(4, 10022), 
(4, 10014),  
(1, 10005);

INSERT INTO RESERVATION 
VALUES 
(3, 10019, TRUE), 
(1, 10006, TRUE), 
(1, 10004, FALSE), 
(3, 10004, TRUE), 
(3, 10005, FALSE);

INSERT INTO EVALUATION 
VALUES 
(10005, 2, 10021, 1), 
(10010, 3, 10021, 1), 
(10018, 5, 10015, 4), 
(10015, 4, 10012, 5), 
(10016, 5, 10012, 2), 
(10018, 4, 10016, 3),  
(10001, 3, 10019, 5), 
(10008, 5, 10012, 1), 
(10023, 4, 10020, 5), 
(10014, 3, 10016, 2), 
(10002, 1, 10017, 5), 
(10013, 1, 10007, 4), 
(10009, 3, 10023, 1), 
(10015, 2, 10023, 1), 
(10005, 2, 10016, 2), 
(10005, 2, 10007, 4), 
(10006, 2, 10013, 1), 
(10005, 3, 10000, 1), 
(10016, 4, 10000, 2), 
(10023, 5, 10012, 5), 
(10006, 5, 10015, 3), 
(10009, 5, 10002, 2), 
(10013, 3, 10008, 4);
